,Component Name,Sample,Intensity,Cohort Name,Formula,Name,Parent Formula,Isotopologue,Metab,Sample Number,Replicate,Background Sample,Label,frag_keys,Background Corrected,Background Corrected with zero,NA Corrected,NA Corrected with zero,Pool_total,Fractional enrichment
0,Malate 133/115,TA13Cglucosewithvaryingglc2Sept13A13CglcG90min8 | Sample Number = 140,187000,A. [13C-glc] G9 0min,C4H3O4,Malate 133/115,C4H5O5,M+0,Malate,140,1,TA13Cglucosewithvaryingglc2Sept13A13CglcG90min8 | Sample Number = 140,C13_133.0_115.0,"MultiquantKey(name='Malate 133/115', formula='C4H3O4', parent='Malate 133/115', parent_formula='C4H5O5')",187000.0,187000.0,195302.8,195302.8,195327.09999999998,0.9998755932996497
1,Malate 134/116,TA13Cglucosewithvaryingglc2Sept13A13CglcG90min8 | Sample Number = 140,13300,A. [13C-glc] G9 0min,C4H3O4,Malate 133/115,C4H5O5,M+1,Malate,140,1,TA13Cglucosewithvaryingglc2Sept13A13CglcG90min8 | Sample Number = 140,C13_134.0_116.0,"MultiquantKey(name='Malate 134/116', formula='C4H3O4', parent='Malate 133/115', parent_formula='C4H5O5')",6888.0,6888.0,-1185.43,0.0,195327.09999999998,0.0
2,Malate 135/117,TA13Cglucosewithvaryingglc2Sept13A13CglcG90min8 | Sample Number = 140,2470,A. [13C-glc] G9 0min,C4H3O4,Malate 133/115,C4H5O5,M+2,Malate,140,1,TA13Cglucosewithvaryingglc2Sept13A13CglcG90min8 | Sample Number = 140,C13_135.0_117.0,"MultiquantKey(name='Malate 135/117', formula='C4H3O4', parent='Malate 133/115', parent_formula='C4H5O5')",-1049.0,0.0,-1301.66,0.0,195327.09999999998,0.0
3,Malate 136/118,TA13Cglucosewithvaryingglc2Sept13A13CglcG90min8 | Sample Number = 140,601,A. [13C-glc] G9 0min,C4H3O4,Malate 133/115,C4H5O5,M+3,Malate,140,1,TA13Cglucosewithvaryingglc2Sept13A13CglcG90min8 | Sample Number = 140,C13_136.0_118.0,"MultiquantKey(name='Malate 136/118', formula='C4H3O4', parent='Malate 133/115', parent_formula='C4H5O5')",1.0,1.0,24.3,24.3,195327.09999999998,0.00012440670035033543
4,Malate 137/119,TA13Cglucosewithvaryingglc2Sept13A13CglcG90min8 | Sample Number = 140,0,A. [13C-glc] G9 0min,C4H3O4,Malate 133/115,C4H5O5,M+4,Malate,140,1,TA13Cglucosewithvaryingglc2Sept13A13CglcG90min8 | Sample Number = 140,C13_137.0_119.0,"MultiquantKey(name='Malate 137/119', formula='C4H3O4', parent='Malate 133/115', parent_formula='C4H5O5')",-266.0,0.0,-266.01,0.0,195327.09999999998,0.0
5,Malate 133/115,TA13Cglucosewithvaryingglc2Sept13G13CglcG9240min7 | Sample Number = 146,131000,G. [13C-glc] G9 240min,C4H3O4,Malate 133/115,C4H5O5,M+0,Malate,146,1,TA13Cglucosewithvaryingglc2Sept13A13CglcG90min8 | Sample Number = 140,C13_133.0_115.0,"MultiquantKey(name='Malate 133/115', formula='C4H3O4', parent='Malate 133/115', parent_formula='C4H5O5')",131000.0,131000.0,136816.4,136816.4,353903.0,0.3865929364825955
6,Malate 134/116,TA13Cglucosewithvaryingglc2Sept13G13CglcG9240min7 | Sample Number = 146,28600,G. [13C-glc] G9 240min,C4H3O4,Malate 133/115,C4H5O5,M+1,Malate,146,1,TA13Cglucosewithvaryingglc2Sept13A13CglcG90min8 | Sample Number = 140,C13_134.0_116.0,"MultiquantKey(name='Malate 134/116', formula='C4H3O4', parent='Malate 133/115', parent_formula='C4H5O5')",22188.0,22188.0,17110.46,17110.46,353903.0,0.04834788063395902
7,Malate 135/117,TA13Cglucosewithvaryingglc2Sept13G13CglcG9240min7 | Sample Number = 146,82700,G. [13C-glc] G9 240min,C4H3O4,Malate 133/115,C4H5O5,M+2,Malate,146,1,TA13Cglucosewithvaryingglc2Sept13A13CglcG90min8 | Sample Number = 140,C13_135.0_117.0,"MultiquantKey(name='Malate 135/117', formula='C4H3O4', parent='Malate 133/115', parent_formula='C4H5O5')",79181.0,79181.0,80199.96,80199.96,353903.0,0.22661565457201552
8,Malate 136/118,TA13Cglucosewithvaryingglc2Sept13G13CglcG9240min7 | Sample Number = 146,93100,G. [13C-glc] G9 240min,C4H3O4,Malate 133/115,C4H5O5,M+3,Malate,146,1,TA13Cglucosewithvaryingglc2Sept13A13CglcG90min8 | Sample Number = 140,C13_136.0_118.0,"MultiquantKey(name='Malate 136/118', formula='C4H3O4', parent='Malate 133/115', parent_formula='C4H5O5')",92500.0,92500.0,91768.93,91768.93,353903.0,0.2593053181238927
9,Malate 137/119,TA13Cglucosewithvaryingglc2Sept13G13CglcG9240min7 | Sample Number = 146,29300,G. [13C-glc] G9 240min,C4H3O4,Malate 133/115,C4H5O5,M+4,Malate,146,1,TA13Cglucosewithvaryingglc2Sept13A13CglcG90min8 | Sample Number = 140,C13_137.0_119.0,"MultiquantKey(name='Malate 137/119', formula='C4H3O4', parent='Malate 133/115', parent_formula='C4H5O5')",29034.0,29034.0,28007.25,28007.25,353903.0,0.07913821018753726
10,Malate 133/115,TA13Cglucosewithvaryingglc2Sept13A13CglcG90min9 | Sample Number = 148,279000,A. [13C-glc] G9 0min,C4H3O4,Malate 133/115,C4H5O5,M+0,Malate,148,2,TA13Cglucosewithvaryingglc2Sept13A13CglcG90min9 | Sample Number = 148,C13_133.0_115.0,"MultiquantKey(name='Malate 133/115', formula='C4H3O4', parent='Malate 133/115', parent_formula='C4H5O5')",279000.0,279000.0,291387.6,291387.6,291800.51999999996,0.9985849237006158
11,Malate 134/116,TA13Cglucosewithvaryingglc2Sept13A13CglcG90min9 | Sample Number = 148,18800,A. [13C-glc] G9 0min,C4H3O4,Malate 133/115,C4H5O5,M+1,Malate,148,2,TA13Cglucosewithvaryingglc2Sept13A13CglcG90min9 | Sample Number = 148,C13_134.0_116.0,"MultiquantKey(name='Malate 134/116', formula='C4H3O4', parent='Malate 133/115', parent_formula='C4H5O5')",12388.0,12388.0,412.92,412.92,291800.51999999996,0.0014150762993842508
12,Malate 135/117,TA13Cglucosewithvaryingglc2Sept13A13CglcG90min9 | Sample Number = 148,3600,A. [13C-glc] G9 0min,C4H3O4,Malate 133/115,C4H5O5,M+2,Malate,148,2,TA13Cglucosewithvaryingglc2Sept13A13CglcG90min9 | Sample Number = 148,C13_135.0_117.0,"MultiquantKey(name='Malate 135/117', formula='C4H3O4', parent='Malate 133/115', parent_formula='C4H5O5')",81.0,81.0,-329.72,0.0,291800.51999999996,0.0
13,Malate 136/118,TA13Cglucosewithvaryingglc2Sept13A13CglcG90min9 | Sample Number = 148,401,A. [13C-glc] G9 0min,C4H3O4,Malate 133/115,C4H5O5,M+3,Malate,148,2,TA13Cglucosewithvaryingglc2Sept13A13CglcG90min9 | Sample Number = 148,C13_136.0_118.0,"MultiquantKey(name='Malate 136/118', formula='C4H3O4', parent='Malate 133/115', parent_formula='C4H5O5')",-199.0,0.0,-203.01,0.0,291800.51999999996,0.0
14,Malate 137/119,TA13Cglucosewithvaryingglc2Sept13A13CglcG90min9 | Sample Number = 148,67,A. [13C-glc] G9 0min,C4H3O4,Malate 133/115,C4H5O5,M+4,Malate,148,2,TA13Cglucosewithvaryingglc2Sept13A13CglcG90min9 | Sample Number = 148,C13_137.0_119.0,"MultiquantKey(name='Malate 137/119', formula='C4H3O4', parent='Malate 133/115', parent_formula='C4H5O5')",-199.0,0.0,-196.79,0.0,291800.51999999996,0.0
15,Malate 133/115,TA13Cglucosewithvaryingglc2Sept13G13CglcG9240min8 | Sample Number = 154,200000,G. [13C-glc] G9 240min,C4H3O4,Malate 133/115,C4H5O5,M+0,Malate,154,2,TA13Cglucosewithvaryingglc2Sept13A13CglcG90min9 | Sample Number = 148,C13_133.0_115.0,"MultiquantKey(name='Malate 133/115', formula='C4H3O4', parent='Malate 133/115', parent_formula='C4H5O5')",200000.0,200000.0,208880.0,208880.0,500603.0,0.41725678831329416
16,Malate 134/116,TA13Cglucosewithvaryingglc2Sept13G13CglcG9240min8 | Sample Number = 154,36300,G. [13C-glc] G9 240min,C4H3O4,Malate 133/115,C4H5O5,M+1,Malate,154,2,TA13Cglucosewithvaryingglc2Sept13A13CglcG90min9 | Sample Number = 148,C13_134.0_116.0,"MultiquantKey(name='Malate 134/116', formula='C4H3O4', parent='Malate 133/115', parent_formula='C4H5O5')",29888.0,29888.0,22003.27,22003.27,500603.0,0.04395353204035933
17,Malate 135/117,TA13Cglucosewithvaryingglc2Sept13G13CglcG9240min8 | Sample Number = 154,116000,G. [13C-glc] G9 240min,C4H3O4,Malate 133/115,C4H5O5,M+2,Malate,154,2,TA13Cglucosewithvaryingglc2Sept13A13CglcG90min9 | Sample Number = 148,C13_135.0_117.0,"MultiquantKey(name='Malate 135/117', formula='C4H3O4', parent='Malate 133/115', parent_formula='C4H5O5')",112481.0,112481.0,113982.81,113982.81,500603.0,0.22769102462430307
18,Malate 136/118,TA13Cglucosewithvaryingglc2Sept13G13CglcG9240min8 | Sample Number = 154,119000,G. [13C-glc] G9 240min,C4H3O4,Malate 133/115,C4H5O5,M+3,Malate,154,2,TA13Cglucosewithvaryingglc2Sept13A13CglcG90min9 | Sample Number = 148,C13_136.0_118.0,"MultiquantKey(name='Malate 136/118', formula='C4H3O4', parent='Malate 133/115', parent_formula='C4H5O5')",118400.0,118400.0,117217.16,117217.16,500603.0,0.2341519327690805
19,Malate 137/119,TA13Cglucosewithvaryingglc2Sept13G13CglcG9240min8 | Sample Number = 154,40100,G. [13C-glc] G9 240min,C4H3O4,Malate 133/115,C4H5O5,M+4,Malate,154,2,TA13Cglucosewithvaryingglc2Sept13A13CglcG90min9 | Sample Number = 148,C13_137.0_119.0,"MultiquantKey(name='Malate 137/119', formula='C4H3O4', parent='Malate 133/115', parent_formula='C4H5O5')",39834.0,39834.0,38519.76,38519.76,500603.0,0.07694672225296294
20,Malate 133/115,TA13Cglucosewithvaryingglc2Sept13A13CglcG90min10 | Sample Number = 156,304000,A. [13C-glc] G9 0min,C4H3O4,Malate 133/115,C4H5O5,M+0,Malate,156,3,TA13Cglucosewithvaryingglc2Sept13A13CglcG90min10 | Sample Number = 156,C13_133.0_115.0,"MultiquantKey(name='Malate 133/115', formula='C4H3O4', parent='Malate 133/115', parent_formula='C4H5O5')",304000.0,304000.0,317497.6,317497.6,317497.6,1.0
21,Malate 134/116,TA13Cglucosewithvaryingglc2Sept13A13CglcG90min10 | Sample Number = 156,15100,A. [13C-glc] G9 0min,C4H3O4,Malate 133/115,C4H5O5,M+1,Malate,156,3,TA13Cglucosewithvaryingglc2Sept13A13CglcG90min10 | Sample Number = 156,C13_134.0_116.0,"MultiquantKey(name='Malate 134/116', formula='C4H3O4', parent='Malate 133/115', parent_formula='C4H5O5')",8688.0,8688.0,-4520.29,0.0,317497.6,0.0
22,Malate 135/117,TA13Cglucosewithvaryingglc2Sept13A13CglcG90min10 | Sample Number = 156,3470,A. [13C-glc] G9 0min,C4H3O4,Malate 133/115,C4H5O5,M+2,Malate,156,3,TA13Cglucosewithvaryingglc2Sept13A13CglcG90min10 | Sample Number = 156,C13_135.0_117.0,"MultiquantKey(name='Malate 135/117', formula='C4H3O4', parent='Malate 133/115', parent_formula='C4H5O5')",-49.0,0.0,-339.4,0.0,317497.6,0.0
23,Malate 136/118,TA13Cglucosewithvaryingglc2Sept13A13CglcG90min10 | Sample Number = 156,335,A. [13C-glc] G9 0min,C4H3O4,Malate 133/115,C4H5O5,M+3,Malate,156,3,TA13Cglucosewithvaryingglc2Sept13A13CglcG90min10 | Sample Number = 156,C13_136.0_118.0,"MultiquantKey(name='Malate 136/118', formula='C4H3O4', parent='Malate 133/115', parent_formula='C4H5O5')",-265.0,0.0,-266.85,0.0,317497.6,0.0
24,Malate 137/119,TA13Cglucosewithvaryingglc2Sept13A13CglcG90min10 | Sample Number = 156,134,A. [13C-glc] G9 0min,C4H3O4,Malate 133/115,C4H5O5,M+4,Malate,156,3,TA13Cglucosewithvaryingglc2Sept13A13CglcG90min10 | Sample Number = 156,C13_137.0_119.0,"MultiquantKey(name='Malate 137/119', formula='C4H3O4', parent='Malate 133/115', parent_formula='C4H5O5')",-132.0,0.0,-129.06,0.0,317497.6,0.0
25,Malate 133/115,TA13Cglucosewithvaryingglc2Sept13G13CglcG9240min9 | Sample Number = 162,175000,G. [13C-glc] G9 240min,C4H3O4,Malate 133/115,C4H5O5,M+0,Malate,162,3,TA13Cglucosewithvaryingglc2Sept13A13CglcG90min10 | Sample Number = 156,C13_133.0_115.0,"MultiquantKey(name='Malate 133/115', formula='C4H3O4', parent='Malate 133/115', parent_formula='C4H5O5')",175000.0,175000.0,182770.0,182770.0,413403.0,0.4421109667805991
26,Malate 134/116,TA13Cglucosewithvaryingglc2Sept13G13CglcG9240min9 | Sample Number = 162,29400,G. [13C-glc] G9 240min,C4H3O4,Malate 133/115,C4H5O5,M+1,Malate,162,3,TA13Cglucosewithvaryingglc2Sept13A13CglcG90min10 | Sample Number = 156,C13_134.0_116.0,"MultiquantKey(name='Malate 134/116', formula='C4H3O4', parent='Malate 133/115', parent_formula='C4H5O5')",22988.0,22988.0,15983.5,15983.5,413403.0,0.0386632414375319
27,Malate 135/117,TA13Cglucosewithvaryingglc2Sept13G13CglcG9240min9 | Sample Number = 162,91300,G. [13C-glc] G9 240min,C4H3O4,Malate 133/115,C4H5O5,M+2,Malate,162,3,TA13Cglucosewithvaryingglc2Sept13A13CglcG90min10 | Sample Number = 156,C13_135.0_117.0,"MultiquantKey(name='Malate 135/117', formula='C4H3O4', parent='Malate 133/115', parent_formula='C4H5O5')",87781.0,87781.0,88964.24,88964.24,413403.0,0.21519979293812577
28,Malate 136/118,TA13Cglucosewithvaryingglc2Sept13G13CglcG9240min9 | Sample Number = 162,95300,G. [13C-glc] G9 240min,C4H3O4,Malate 133/115,C4H5O5,M+3,Malate,162,3,TA13Cglucosewithvaryingglc2Sept13A13CglcG90min10 | Sample Number = 156,C13_136.0_118.0,"MultiquantKey(name='Malate 136/118', formula='C4H3O4', parent='Malate 133/115', parent_formula='C4H5O5')",94700.0,94700.0,93802.43,93802.43,413403.0,0.2269031187485335
29,Malate 137/119,TA13Cglucosewithvaryingglc2Sept13G13CglcG9240min9 | Sample Number = 162,33200,G. [13C-glc] G9 240min,C4H3O4,Malate 133/115,C4H5O5,M+4,Malate,162,3,TA13Cglucosewithvaryingglc2Sept13A13CglcG90min10 | Sample Number = 156,C13_137.0_119.0,"MultiquantKey(name='Malate 137/119', formula='C4H3O4', parent='Malate 133/115', parent_formula='C4H5O5')",32934.0,32934.0,31882.83,31882.83,413403.0,0.07712288009520976
30,Malate 133/115,TA13Cglucosewithvaryingglc2Sept13A13CglcG90min11 | Sample Number = 164,286000,A. [13C-glc] G9 0min,C4H3O4,Malate 133/115,C4H5O5,M+0,Malate,164,4,TA13Cglucosewithvaryingglc2Sept13A13CglcG90min11 | Sample Number = 164,C13_133.0_115.0,"MultiquantKey(name='Malate 133/115', formula='C4H3O4', parent='Malate 133/115', parent_formula='C4H5O5')",286000.0,286000.0,298698.4,298698.4,298698.4,1.0
31,Malate 134/116,TA13Cglucosewithvaryingglc2Sept13A13CglcG90min11 | Sample Number = 164,15700,A. [13C-glc] G9 0min,C4H3O4,Malate 133/115,C4H5O5,M+1,Malate,164,4,TA13Cglucosewithvaryingglc2Sept13A13CglcG90min11 | Sample Number = 164,C13_134.0_116.0,"MultiquantKey(name='Malate 134/116', formula='C4H3O4', parent='Malate 133/115', parent_formula='C4H5O5')",9288.0,9288.0,-3101.11,0.0,298698.4,0.0
32,Malate 135/117,TA13Cglucosewithvaryingglc2Sept13A13CglcG90min11 | Sample Number = 164,3730,A. [13C-glc] G9 0min,C4H3O4,Malate 133/115,C4H5O5,M+2,Malate,164,4,TA13Cglucosewithvaryingglc2Sept13A13CglcG90min11 | Sample Number = 164,C13_135.0_117.0,"MultiquantKey(name='Malate 135/117', formula='C4H3O4', parent='Malate 133/115', parent_formula='C4H5O5')",211.0,211.0,-93.61,0.0,298698.4,0.0
33,Malate 136/118,TA13Cglucosewithvaryingglc2Sept13A13CglcG90min11 | Sample Number = 164,333,A. [13C-glc] G9 0min,C4H3O4,Malate 133/115,C4H5O5,M+3,Malate,164,4,TA13Cglucosewithvaryingglc2Sept13A13CglcG90min11 | Sample Number = 164,C13_136.0_118.0,"MultiquantKey(name='Malate 136/118', formula='C4H3O4', parent='Malate 133/115', parent_formula='C4H5O5')",-267.0,0.0,-274.65,0.0,298698.4,0.0
34,Malate 137/119,TA13Cglucosewithvaryingglc2Sept13A13CglcG90min11 | Sample Number = 164,134,A. [13C-glc] G9 0min,C4H3O4,Malate 133/115,C4H5O5,M+4,Malate,164,4,TA13Cglucosewithvaryingglc2Sept13A13CglcG90min11 | Sample Number = 164,C13_137.0_119.0,"MultiquantKey(name='Malate 137/119', formula='C4H3O4', parent='Malate 133/115', parent_formula='C4H5O5')",-132.0,0.0,-129.04,0.0,298698.4,0.0
35,Malate 133/115,TA13Cglucosewithvaryingglc2Sept13G13CglcG9240min10 | Sample Number = 170,203000,G. [13C-glc] G9 240min,C4H3O4,Malate 133/115,C4H5O5,M+0,Malate,170,4,TA13Cglucosewithvaryingglc2Sept13A13CglcG90min11 | Sample Number = 164,C13_133.0_115.0,"MultiquantKey(name='Malate 133/115', formula='C4H3O4', parent='Malate 133/115', parent_formula='C4H5O5')",203000.0,203000.0,212013.2,212013.2,409203.0,0.5181125260567494
36,Malate 134/116,TA13Cglucosewithvaryingglc2Sept13G13CglcG9240min10 | Sample Number = 170,30500,G. [13C-glc] G9 240min,C4H3O4,Malate 133/115,C4H5O5,M+1,Malate,170,4,TA13Cglucosewithvaryingglc2Sept13A13CglcG90min11 | Sample Number = 164,C13_134.0_116.0,"MultiquantKey(name='Malate 134/116', formula='C4H3O4', parent='Malate 133/115', parent_formula='C4H5O5')",24088.0,24088.0,15876.93,15876.93,409203.0,0.03879964223136194
37,Malate 135/117,TA13Cglucosewithvaryingglc2Sept13G13CglcG9240min10 | Sample Number = 170,82700,G. [13C-glc] G9 240min,C4H3O4,Malate 133/115,C4H5O5,M+2,Malate,170,4,TA13Cglucosewithvaryingglc2Sept13A13CglcG90min11 | Sample Number = 164,C13_135.0_117.0,"MultiquantKey(name='Malate 135/117', formula='C4H3O4', parent='Malate 133/115', parent_formula='C4H5O5')",79181.0,79181.0,80136.69,80136.69,409203.0,0.19583602759510563
38,Malate 136/118,TA13Cglucosewithvaryingglc2Sept13G13CglcG9240min10 | Sample Number = 170,77300,G. [13C-glc] G9 240min,C4H3O4,Malate 133/115,C4H5O5,M+3,Malate,170,4,TA13Cglucosewithvaryingglc2Sept13A13CglcG90min11 | Sample Number = 164,C13_136.0_118.0,"MultiquantKey(name='Malate 136/118', formula='C4H3O4', parent='Malate 133/115', parent_formula='C4H5O5')",76700.0,76700.0,75793.55,75793.55,409203.0,0.18522237129248809
39,Malate 137/119,TA13Cglucosewithvaryingglc2Sept13G13CglcG9240min10 | Sample Number = 170,26500,G. [13C-glc] G9 240min,C4H3O4,Malate 133/115,C4H5O5,M+4,Malate,170,4,TA13Cglucosewithvaryingglc2Sept13A13CglcG90min11 | Sample Number = 164,C13_137.0_119.0,"MultiquantKey(name='Malate 137/119', formula='C4H3O4', parent='Malate 133/115', parent_formula='C4H5O5')",26234.0,26234.0,25382.63,25382.63,409203.0,0.06202943282429504
40,Malate 133/115,TA13Cglucosewithvaryingglc2Sept13A13CglcG90min12 | Sample Number = 172,249000,A. [13C-glc] G9 0min,C4H3O4,Malate 133/115,C4H5O5,M+0,Malate,172,5,TA13Cglucosewithvaryingglc2Sept13A13CglcG90min12 | Sample Number = 172,C13_133.0_115.0,"MultiquantKey(name='Malate 133/115', formula='C4H3O4', parent='Malate 133/115', parent_formula='C4H5O5')",249000.0,249000.0,260055.6,260055.6,260055.6,1.0
41,Malate 134/116,TA13Cglucosewithvaryingglc2Sept13A13CglcG90min12 | Sample Number = 172,13400,A. [13C-glc] G9 0min,C4H3O4,Malate 133/115,C4H5O5,M+1,Malate,172,5,TA13Cglucosewithvaryingglc2Sept13A13CglcG90min12 | Sample Number = 172,C13_134.0_116.0,"MultiquantKey(name='Malate 134/116', formula='C4H3O4', parent='Malate 133/115', parent_formula='C4H5O5')",6988.0,6988.0,-3834.9,0.0,260055.6,0.0
42,Malate 135/117,TA13Cglucosewithvaryingglc2Sept13A13CglcG90min12 | Sample Number = 172,2730,A. [13C-glc] G9 0min,C4H3O4,Malate 133/115,C4H5O5,M+2,Malate,172,5,TA13Cglucosewithvaryingglc2Sept13A13CglcG90min12 | Sample Number = 172,C13_135.0_117.0,"MultiquantKey(name='Malate 135/117', formula='C4H3O4', parent='Malate 133/115', parent_formula='C4H5O5')",-789.0,0.0,-1039.22,0.0,260055.6,0.0
43,Malate 136/118,TA13Cglucosewithvaryingglc2Sept13A13CglcG90min12 | Sample Number = 172,67,A. [13C-glc] G9 0min,C4H3O4,Malate 133/115,C4H5O5,M+3,Malate,172,5,TA13Cglucosewithvaryingglc2Sept13A13CglcG90min12 | Sample Number = 172,C13_136.0_118.0,"MultiquantKey(name='Malate 136/118', formula='C4H3O4', parent='Malate 133/115', parent_formula='C4H5O5')",-533.0,0.0,-521.4,0.0,260055.6,0.0
44,Malate 137/119,TA13Cglucosewithvaryingglc2Sept13A13CglcG90min12 | Sample Number = 172,67,A. [13C-glc] G9 0min,C4H3O4,Malate 133/115,C4H5O5,M+4,Malate,172,5,TA13Cglucosewithvaryingglc2Sept13A13CglcG90min12 | Sample Number = 172,C13_137.0_119.0,"MultiquantKey(name='Malate 137/119', formula='C4H3O4', parent='Malate 133/115', parent_formula='C4H5O5')",-199.0,0.0,-193.08,0.0,260055.6,0.0
45,Malate 133/115,TA13Cglucosewithvaryingglc2Sept13G13CglcG9240min11 | Sample Number = 178,114000,G. [13C-glc] G9 240min,C4H3O4,Malate 133/115,C4H5O5,M+0,Malate,178,5,TA13Cglucosewithvaryingglc2Sept13A13CglcG90min12 | Sample Number = 172,C13_133.0_115.0,"MultiquantKey(name='Malate 133/115', formula='C4H3O4', parent='Malate 133/115', parent_formula='C4H5O5')",114000.0,114000.0,119061.6,119061.6,252903.0,0.470779706053309
46,Malate 134/116,TA13Cglucosewithvaryingglc2Sept13G13CglcG9240min11 | Sample Number = 178,18500,G. [13C-glc] G9 240min,C4H3O4,Malate 133/115,C4H5O5,M+1,Malate,178,5,TA13Cglucosewithvaryingglc2Sept13A13CglcG90min12 | Sample Number = 172,C13_134.0_116.0,"MultiquantKey(name='Malate 134/116', formula='C4H3O4', parent='Malate 133/115', parent_formula='C4H5O5')",12088.0,12088.0,7428.93,7428.93,252903.0,0.02937462189060628
47,Malate 135/117,TA13Cglucosewithvaryingglc2Sept13G13CglcG9240min11 | Sample Number = 178,56100,G. [13C-glc] G9 240min,C4H3O4,Malate 133/115,C4H5O5,M+2,Malate,178,5,TA13Cglucosewithvaryingglc2Sept13A13CglcG90min12 | Sample Number = 172,C13_135.0_117.0,"MultiquantKey(name='Malate 135/117', formula='C4H3O4', parent='Malate 133/115', parent_formula='C4H5O5')",52581.0,52581.0,53345.77,53345.77,252903.0,0.21093371767041116
48,Malate 136/118,TA13Cglucosewithvaryingglc2Sept13G13CglcG9240min11 | Sample Number = 178,55500,G. [13C-glc] G9 240min,C4H3O4,Malate 133/115,C4H5O5,M+3,Malate,178,5,TA13Cglucosewithvaryingglc2Sept13A13CglcG90min12 | Sample Number = 172,C13_136.0_118.0,"MultiquantKey(name='Malate 136/118', formula='C4H3O4', parent='Malate 133/115', parent_formula='C4H5O5')",54900.0,54900.0,54342.09,54342.09,252903.0,0.21487325180009725
49,Malate 137/119,TA13Cglucosewithvaryingglc2Sept13G13CglcG9240min11 | Sample Number = 178,19600,G. [13C-glc] G9 240min,C4H3O4,Malate 133/115,C4H5O5,M+4,Malate,178,5,TA13Cglucosewithvaryingglc2Sept13A13CglcG90min12 | Sample Number = 172,C13_137.0_119.0,"MultiquantKey(name='Malate 137/119', formula='C4H3O4', parent='Malate 133/115', parent_formula='C4H5O5')",19334.0,19334.0,18724.61,18724.61,252903.0,0.0740387025855763
50,Malate 133/115,TA13Cglucosewithvaryingglc2Sept13A13CglcG90min13 | Sample Number = 180,223000,A. [13C-glc] G9 0min,C4H3O4,Malate 133/115,C4H5O5,M+0,Malate,180,6,TA13Cglucosewithvaryingglc2Sept13A13CglcG90min13 | Sample Number = 180,C13_133.0_115.0,"MultiquantKey(name='Malate 133/115', formula='C4H3O4', parent='Malate 133/115', parent_formula='C4H5O5')",223000.0,223000.0,232901.2,232901.2,232901.94,0.9999968226971403
51,Malate 134/116,TA13Cglucosewithvaryingglc2Sept13A13CglcG90min13 | Sample Number = 180,12700,A. [13C-glc] G9 0min,C4H3O4,Malate 133/115,C4H5O5,M+1,Malate,180,6,TA13Cglucosewithvaryingglc2Sept13A13CglcG90min13 | Sample Number = 180,C13_134.0_116.0,"MultiquantKey(name='Malate 134/116', formula='C4H3O4', parent='Malate 133/115', parent_formula='C4H5O5')",6288.0,6288.0,-3403.81,0.0,232901.94,0.0
52,Malate 135/117,TA13Cglucosewithvaryingglc2Sept13A13CglcG90min13 | Sample Number = 180,2470,A. [13C-glc] G9 0min,C4H3O4,Malate 133/115,C4H5O5,M+2,Malate,180,6,TA13Cglucosewithvaryingglc2Sept13A13CglcG90min13 | Sample Number = 180,C13_135.0_117.0,"MultiquantKey(name='Malate 135/117', formula='C4H3O4', parent='Malate 133/115', parent_formula='C4H5O5')",-1049.0,0.0,-1281.68,0.0,232901.94,0.0
53,Malate 136/118,TA13Cglucosewithvaryingglc2Sept13A13CglcG90min13 | Sample Number = 180,533,A. [13C-glc] G9 0min,C4H3O4,Malate 133/115,C4H5O5,M+3,Malate,180,6,TA13Cglucosewithvaryingglc2Sept13A13CglcG90min13 | Sample Number = 180,C13_136.0_118.0,"MultiquantKey(name='Malate 136/118', formula='C4H3O4', parent='Malate 133/115', parent_formula='C4H5O5')",-67.0,0.0,-44.46,0.0,232901.94,0.0
54,Malate 137/119,TA13Cglucosewithvaryingglc2Sept13A13CglcG90min13 | Sample Number = 180,266,A. [13C-glc] G9 0min,C4H3O4,Malate 133/115,C4H5O5,M+4,Malate,180,6,TA13Cglucosewithvaryingglc2Sept13A13CglcG90min13 | Sample Number = 180,C13_137.0_119.0,"MultiquantKey(name='Malate 137/119', formula='C4H3O4', parent='Malate 133/115', parent_formula='C4H5O5')",0.0,0.0,0.74,0.74,232901.94,3.1773028597357323e-06
55,Malate 133/115,TA13Cglucosewithvaryingglc2Sept13G13CglcG9240min12 | Sample Number = 186,127000,G. [13C-glc] G9 240min,C4H3O4,Malate 133/115,C4H5O5,M+0,Malate,186,6,TA13Cglucosewithvaryingglc2Sept13A13CglcG90min13 | Sample Number = 180,C13_133.0_115.0,"MultiquantKey(name='Malate 133/115', formula='C4H3O4', parent='Malate 133/115', parent_formula='C4H5O5')",127000.0,127000.0,132638.8,132638.8,316303.0,0.4193409483944192
56,Malate 134/116,TA13Cglucosewithvaryingglc2Sept13G13CglcG9240min12 | Sample Number = 186,23300,G. [13C-glc] G9 240min,C4H3O4,Malate 133/115,C4H5O5,M+1,Malate,186,6,TA13Cglucosewithvaryingglc2Sept13A13CglcG90min13 | Sample Number = 180,C13_134.0_116.0,"MultiquantKey(name='Malate 134/116', formula='C4H3O4', parent='Malate 133/115', parent_formula='C4H5O5')",16888.0,16888.0,11811.57,11811.57,316303.0,0.037342579741576905
57,Malate 135/117,TA13Cglucosewithvaryingglc2Sept13G13CglcG9240min12 | Sample Number = 186,79500,G. [13C-glc] G9 240min,C4H3O4,Malate 133/115,C4H5O5,M+2,Malate,186,6,TA13Cglucosewithvaryingglc2Sept13A13CglcG90min13 | Sample Number = 180,C13_135.0_117.0,"MultiquantKey(name='Malate 135/117', formula='C4H3O4', parent='Malate 133/115', parent_formula='C4H5O5')",75981.0,75981.0,77105.41,77105.41,316303.0,0.24377071984774093
58,Malate 136/118,TA13Cglucosewithvaryingglc2Sept13G13CglcG9240min12 | Sample Number = 186,72900,G. [13C-glc] G9 240min,C4H3O4,Malate 133/115,C4H5O5,M+3,Malate,186,6,TA13Cglucosewithvaryingglc2Sept13A13CglcG90min13 | Sample Number = 180,C13_136.0_118.0,"MultiquantKey(name='Malate 136/118', formula='C4H3O4', parent='Malate 133/115', parent_formula='C4H5O5')",72300.0,72300.0,71415.75,71415.75,316303.0,0.22578271467548522
59,Malate 137/119,TA13Cglucosewithvaryingglc2Sept13G13CglcG9240min12 | Sample Number = 186,24400,G. [13C-glc] G9 240min,C4H3O4,Malate 133/115,C4H5O5,M+4,Malate,186,6,TA13Cglucosewithvaryingglc2Sept13A13CglcG90min13 | Sample Number = 180,C13_137.0_119.0,"MultiquantKey(name='Malate 137/119', formula='C4H3O4', parent='Malate 133/115', parent_formula='C4H5O5')",24134.0,24134.0,23331.47,23331.47,316303.0,0.07376303734077767
